{"cameraMode":{"drawMode":0,"name":"Shaded","section":"Shading Mode"},"sceneLighting":false,"audioPlay":false,"sceneViewState":{"m_AlwaysRefresh":false,"showFog":true,"showSkybox":false,"showFlares":true,"showImageEffects":true,"showParticleSystems":true,"showVisualEffectGraphs":true,"m_FxEnabled":true},"in2DMode":false,"pivot":{"x":-8.290706634521485,"y":6.962090969085693,"z":-10.713022232055664},"rotation":{"x":-0.0071815019473433498,"y":0.9732368588447571,"z":-0.22768104076385499,"w":-0.030683912336826326},"size":0.5516679883003235,"orthographic":false}