{"cameraMode":{"drawMode":0,"name":"Shaded","section":"Shading Mode"},"sceneLighting":false,"audioPlay":false,"sceneViewState":{"m_AlwaysRefresh":false,"showFog":true,"showSkybox":false,"showFlares":true,"showImageEffects":true,"showParticleSystems":true,"showVisualEffectGraphs":true,"m_FxEnabled":true},"in2DMode":false,"pivot":{"x":-11.88645076751709,"y":7.5918731689453129,"z":-16.979259490966798},"rotation":{"x":0.004864951130002737,"y":-0.898958146572113,"z":0.4379211664199829,"w":0.009988151490688324},"size":2.9254696369171144,"orthographic":false}