{"cameraMode":{"drawMode":0,"name":"Shaded","section":"Shading Mode"},"sceneLighting":true,"audioPlay":false,"sceneViewState":{"m_AlwaysRefresh":false,"showFog":true,"showSkybox":true,"showFlares":true,"showImageEffects":true,"showParticleSystems":true,"showVisualEffectGraphs":true,"m_FxEnabled":true},"in2DMode":false,"pivot":{"x":-1.884704828262329,"y":3.029999256134033,"z":-0.14460569620132447},"rotation":{"x":-0.2871999144554138,"y":-0.006612318102270365,"z":0.001982670510187745,"w":-0.9578452110290527},"size":43.41010284423828,"orthographic":false}